USER_ID,ITEM_ID,TIMESTAMP
USER_001,PROD-0017,1724326795
USER_001,PROD-0015,1763161432
USER_001,PROD-0001,1754021935
USER_001,PROD-0008,1713129893
USER_001,PROD-0013,1759408627
USER_001,PROD-0006,1746031963
USER_001,PROD-0001,1712479020
USER_001,PROD-0012,1756073759
USER_001,PROD-0006,1741427196
USER_001,PROD-0017,1729906803
USER_001,PROD-0001,1707381042
USER_001,PROD-0001,1747868124
USER_001,PROD-0018,1713149643
USER_001,PROD-0012,1711504553
USER_001,PROD-0012,1715983823
USER_001,PROD-0006,1740375787
USER_001,PROD-0012,1759967793
USER_001,PROD-0020,1757805138
USER_001,PROD-0006,1760582196
USER_001,PROD-0001,1749948709
USER_001,PROD-0001,1743574493
USER_001,PROD-0006,1764222222
USER_001,PROD-0012,1710252107
USER_001,PROD-0001,1721846782
USER_001,PROD-0009,1733005668
USER_001,PROD-0012,1733400071
USER_001,PROD-0005,1731644103
USER_001,PROD-0004,1704862428
USER_001,PROD-0006,1754259219
USER_001,PROD-0016,1711431835
USER_001,PROD-0011,1745236809
USER_001,PROD-0019,1731832693
USER_001,PROD-0017,1747352772
USER_001,PROD-0004,1751895869
USER_001,PROD-0006,1757985807
USER_001,PROD-0006,1747749921
USER_001,PROD-0009,1727002585
USER_001,PROD-0001,1711548482
USER_001,PROD-0012,1766731083
USER_001,PROD-0014,1744286386
USER_001,PROD-0007,1742164669
USER_001,PROD-0013,1736804909
USER_001,PROD-0012,1717429055
USER_001,PROD-0006,1748698948
USER_001,PROD-0017,1740400873
USER_001,PROD-0001,1716111662
USER_001,PROD-0011,1724640713
USER_001,PROD-0007,1704671790
USER_001,PROD-0012,1731330119
USER_001,PROD-0013,1729337316
USER_002,PROD-0013,1714456951
USER_002,PROD-0007,1762373241
USER_002,PROD-0015,1749528553
USER_002,PROD-0007,1764216600
USER_002,PROD-0013,1731987478
USER_002,PROD-0009,1734167378
USER_002,PROD-0015,1707697747
USER_002,PROD-0013,1755977164
USER_002,PROD-0009,1719205848
USER_002,PROD-0007,1746201079
USER_002,PROD-0007,1761586432
USER_002,PROD-0002,1742415556
USER_002,PROD-0018,1740511730
USER_002,PROD-0007,1731404642
USER_002,PROD-0002,1710459413
USER_002,PROD-0013,1753177655
USER_002,PROD-0016,1730466916
USER_002,PROD-0003,1757458975
USER_002,PROD-0001,1734551338
USER_002,PROD-0020,1719383354
USER_002,PROD-0013,1708008364
USER_002,PROD-0005,1720636715
USER_002,PROD-0006,1744691959
USER_002,PROD-0002,1749661297
USER_002,PROD-0013,1728644203
USER_002,PROD-0006,1717132969
USER_002,PROD-0012,1712753984
USER_002,PROD-0007,1713931691
USER_002,PROD-0014,1718526215
USER_002,PROD-0015,1760162014
USER_002,PROD-0007,1713777203
USER_002,PROD-0007,1756012215
USER_002,PROD-0014,1753410214
USER_002,PROD-0007,1734860225
USER_002,PROD-0013,1724926779
USER_002,PROD-0013,1710134035
USER_002,PROD-0015,1718713239
USER_002,PROD-0013,1750137792
USER_002,PROD-0002,1711196342
USER_002,PROD-0002,1755586200
USER_002,PROD-0007,1747345608
USER_002,PROD-0013,1722647716
USER_002,PROD-0008,1738656229
USER_002,PROD-0013,1707987951
USER_002,PROD-0002,1704834931
USER_002,PROD-0013,1728839437
USER_002,PROD-0013,1745025196
USER_002,PROD-0003,1708435686
USER_002,PROD-0002,1765287282
USER_002,PROD-0015,1746443713
USER_002,PROD-0013,1711842239
USER_002,PROD-0005,1756653161
USER_002,PROD-0002,1754887170
USER_003,PROD-0002,1704787461
USER_003,PROD-0008,1745488216
USER_003,PROD-0015,1757414271
USER_003,PROD-0013,1763925248
USER_003,PROD-0017,1732751801
USER_003,PROD-0003,1724518372
USER_003,PROD-0006,1744883709
USER_003,PROD-0003,1751276831
USER_003,PROD-0008,1717371041
USER_003,PROD-0008,1725149481
USER_003,PROD-0008,1742664208
USER_003,PROD-0014,1740260198
USER_003,PROD-0008,1715510486
USER_003,PROD-0008,1715904948
USER_003,PROD-0014,1711184541
USER_003,PROD-0004,1720553137
USER_003,PROD-0003,1731785216
USER_003,PROD-0008,1705003653
USER_003,PROD-0005,1766109529
USER_003,PROD-0018,1755739666
USER_003,PROD-0020,1744126887
USER_003,PROD-0008,1751004898
USER_003,PROD-0014,1726665178
USER_003,PROD-0016,1760735939
USER_003,PROD-0016,1756006161
USER_003,PROD-0008,1747855780
USER_003,PROD-0003,1743807829
USER_003,PROD-0009,1764542988
USER_003,PROD-0008,1762822522
USER_003,PROD-0014,1727479954
USER_003,PROD-0008,1721267356
USER_003,PROD-0013,1739771990
USER_003,PROD-0005,1736210064
USER_003,PROD-0003,1723627873
USER_003,PROD-0008,1709910615
USER_003,PROD-0005,1710497808
USER_003,PROD-0014,1707167942
USER_003,PROD-0014,1764934693
USER_003,PROD-0003,1730344844
USER_003,PROD-0006,1747735502
USER_003,PROD-0003,1764545148
USER_003,PROD-0003,1764148814
USER_003,PROD-0013,1742070460
USER_003,PROD-0003,1763225938
USER_003,PROD-0015,1711833031
USER_003,PROD-0014,1713023244
USER_003,PROD-0003,1730768823
USER_003,PROD-0007,1745544106
USER_003,PROD-0003,1755402747
USER_003,PROD-0008,1718435113
USER_003,PROD-0003,1720083015
USER_004,PROD-0009,1744767943
USER_004,PROD-0003,1729306155
USER_004,PROD-0015,1712886691
USER_004,PROD-0005,1734241717
USER_004,PROD-0004,1717070400
USER_004,PROD-0009,1718279612
USER_004,PROD-0004,1736625588
USER_004,PROD-0004,1734361193
USER_004,PROD-0004,1742472759
USER_004,PROD-0015,1710770910
USER_004,PROD-0015,1706979383
USER_004,PROD-0004,1721040549
USER_004,PROD-0009,1744087263
USER_004,PROD-0015,1739684373
USER_004,PROD-0009,1716464533
USER_004,PROD-0014,1766864327
USER_004,PROD-0012,1722986477
USER_004,PROD-0015,1741993379
USER_004,PROD-0015,1740569541
USER_004,PROD-0004,1767166207
USER_004,PROD-0009,1760667976
USER_004,PROD-0009,1751533215
USER_004,PROD-0009,1707007517
USER_004,PROD-0004,1714916862
USER_004,PROD-0008,1759093911
USER_004,PROD-0004,1713421318
USER_004,PROD-0009,1750198388
USER_004,PROD-0018,1714198668
USER_004,PROD-0018,1725043177
USER_004,PROD-0012,1764730893
USER_004,PROD-0018,1743680145
USER_004,PROD-0012,1718244058
USER_004,PROD-0009,1736613657
USER_004,PROD-0004,1760064420
USER_004,PROD-0001,1715757562
USER_004,PROD-0015,1723715345
USER_004,PROD-0018,1716480552
USER_004,PROD-0020,1760395932
USER_004,PROD-0015,1761243792
USER_004,PROD-0018,1725215447
USER_004,PROD-0015,1758074085
USER_004,PROD-0007,1763179602
USER_004,PROD-0010,1748022105
USER_004,PROD-0015,1723665207
USER_004,PROD-0004,1721977154
USER_004,PROD-0015,1748458986
USER_004,PROD-0004,1730437163
USER_004,PROD-0004,1733641226
USER_004,PROD-0009,1758219918
USER_004,PROD-0009,1761494177
USER_004,PROD-0004,1750706561
USER_004,PROD-0004,1738875653
USER_004,PROD-0007,1748453251
USER_005,PROD-0016,1724433888
USER_005,PROD-0005,1742150850
USER_005,PROD-0018,1730490773
USER_005,PROD-0010,1731295972
USER_005,PROD-0016,1759830940
USER_005,PROD-0008,1727728312
USER_005,PROD-0005,1705460100
USER_005,PROD-0010,1718372865
USER_005,PROD-0007,1727249863
USER_005,PROD-0005,1733888968
USER_005,PROD-0016,1707193766
USER_005,PROD-0018,1721245485
USER_005,PROD-0016,1748046097
USER_005,PROD-0002,1709308902
USER_005,PROD-0010,1714626843
USER_005,PROD-0018,1732787055
USER_005,PROD-0005,1758612068
USER_005,PROD-0012,1733386122
USER_005,PROD-0016,1736718552
USER_005,PROD-0005,1739450887
USER_005,PROD-0016,1707123600
USER_005,PROD-0014,1747109638
USER_005,PROD-0010,1727419660
USER_005,PROD-0016,1739594470
USER_005,PROD-0001,1734245918
USER_005,PROD-0005,1760967577
USER_005,PROD-0016,1707394452
USER_005,PROD-0005,1710330194
USER_005,PROD-0017,1763426235
USER_005,PROD-0014,1744733392
USER_005,PROD-0011,1723916563
USER_005,PROD-0016,1724522792
USER_005,PROD-0016,1748993981
USER_005,PROD-0016,1729399729
USER_005,PROD-0007,1723144775
USER_005,PROD-0016,1748767093
USER_005,PROD-0016,1708499881
USER_005,PROD-0013,1762263173
USER_005,PROD-0010,1714365462
USER_005,PROD-0016,1708731310
USER_005,PROD-0016,1723001698
USER_005,PROD-0019,1729253709
USER_005,PROD-0005,1729950920
USER_005,PROD-0019,1729629610
USER_005,PROD-0016,1716693864
USER_005,PROD-0009,1725254977
USER_005,PROD-0015,1762353459
USER_005,PROD-0016,1706077517
USER_005,PROD-0005,1724549470
USER_005,PROD-0011,1735143069
USER_005,PROD-0010,1704927085
USER_005,PROD-0010,1761624372
USER_006,PROD-0011,1727861710
USER_006,PROD-0002,1714904393
USER_006,PROD-0017,1719226893
USER_006,PROD-0006,1704272713
USER_006,PROD-0011,1719509239
USER_006,PROD-0011,1759436322
USER_006,PROD-0010,1705969326
USER_006,PROD-0011,1764284181
USER_006,PROD-0017,1754044614
USER_006,PROD-0011,1748600494
USER_006,PROD-0011,1705194152
USER_006,PROD-0011,1735883452
USER_006,PROD-0008,1708436009
USER_006,PROD-0006,1738533026
USER_006,PROD-0002,1749577615
USER_006,PROD-0005,1732721377
USER_006,PROD-0006,1750604323
USER_006,PROD-0011,1717051529
USER_006,PROD-0020,1730404893
USER_006,PROD-0017,1735004480
USER_006,PROD-0017,1734270424
USER_006,PROD-0010,1713726231
USER_006,PROD-0020,1756467871
USER_006,PROD-0006,1709519107
USER_006,PROD-0006,1757537169
USER_006,PROD-0011,1746732306
USER_006,PROD-0013,1721748513
USER_006,PROD-0017,1751397476
USER_006,PROD-0011,1727559355
USER_006,PROD-0017,1733974735
USER_006,PROD-0007,1723765493
USER_006,PROD-0006,1750549142
USER_006,PROD-0002,1714329161
USER_006,PROD-0003,1753948531
USER_006,PROD-0003,1708244596
USER_006,PROD-0012,1765384883
USER_006,PROD-0012,1745476732
USER_006,PROD-0017,1747500333
USER_006,PROD-0015,1730932990
USER_006,PROD-0013,1742881285
USER_006,PROD-0003,1745796405
USER_006,PROD-0017,1732262001
USER_006,PROD-0011,1717424998
USER_006,PROD-0011,1752797993
USER_006,PROD-0005,1739197707
USER_006,PROD-0020,1705159169
USER_006,PROD-0016,1754046731
USER_006,PROD-0011,1764749624
USER_006,PROD-0006,1736698651
USER_006,PROD-0006,1745036300
USER_006,PROD-0011,1748829008
USER_006,PROD-0004,1752015087
USER_006,PROD-0005,1722038499
USER_006,PROD-0005,1741854316
USER_007,PROD-0007,1729831195
USER_007,PROD-0008,1726100545
USER_007,PROD-0013,1749054862
USER_007,PROD-0012,1715062114
USER_007,PROD-0007,1713569871
USER_007,PROD-0018,1761162203
USER_007,PROD-0007,1750593806
USER_007,PROD-0018,1732625821
USER_007,PROD-0007,1724953047
USER_007,PROD-0011,1722364132
USER_007,PROD-0007,1739660378
USER_007,PROD-0007,1728083361
USER_007,PROD-0010,1756794294
USER_007,PROD-0018,1724268325
USER_007,PROD-0012,1706085032
USER_007,PROD-0003,1753581391
USER_007,PROD-0007,1757421867
USER_007,PROD-0014,1722828079
USER_007,PROD-0012,1731845577
USER_007,PROD-0012,1758691014
USER_007,PROD-0007,1713895438
USER_007,PROD-0013,1742053850
USER_007,PROD-0004,1720275137
USER_007,PROD-0015,1725152347
USER_007,PROD-0012,1730335954
USER_007,PROD-0015,1729622647
USER_007,PROD-0007,1711345452
USER_007,PROD-0012,1727864782
USER_007,PROD-0012,1756432024
USER_007,PROD-0018,1726967675
USER_007,PROD-0012,1735952645
USER_007,PROD-0018,1719890590
USER_007,PROD-0018,1746212292
USER_007,PROD-0011,1747990771
USER_007,PROD-0007,1725190067
USER_007,PROD-0012,1766983457
USER_007,PROD-0001,1735086428
USER_007,PROD-0007,1759156658
USER_007,PROD-0007,1753378253
USER_007,PROD-0006,1705448758
USER_007,PROD-0010,1724263289
USER_007,PROD-0018,1720868351
USER_007,PROD-0018,1744064766
USER_007,PROD-0007,1727651895
USER_007,PROD-0013,1760562020
USER_007,PROD-0009,1705947749
USER_007,PROD-0007,1730008829
USER_007,PROD-0016,1739851377
USER_007,PROD-0010,1731106998
USER_008,PROD-0019,1763624744
USER_008,PROD-0003,1755714388
USER_008,PROD-0013,1708703034
USER_008,PROD-0013,1705539555
USER_008,PROD-0016,1707285689
USER_008,PROD-0009,1711565186
USER_008,PROD-0013,1721671471
USER_008,PROD-0020,1712142352
USER_008,PROD-0008,1766024805
USER_008,PROD-0016,1759614574
USER_008,PROD-0013,1750101904
USER_008,PROD-0013,1719740178
USER_008,PROD-0019,1705821584
USER_008,PROD-0013,1731770473
USER_008,PROD-0012,1742707969
USER_008,PROD-0008,1766701008
USER_008,PROD-0002,1754420574
USER_008,PROD-0008,1742817982
USER_008,PROD-0008,1742885607
USER_008,PROD-0019,1735685420
USER_008,PROD-0019,1748544916
USER_008,PROD-0019,1734316054
USER_008,PROD-0008,1727735179
USER_008,PROD-0018,1728001818
USER_008,PROD-0020,1752797526
USER_008,PROD-0006,1759960906
USER_008,PROD-0019,1738133034
USER_008,PROD-0008,1747293645
USER_008,PROD-0003,1752103462
USER_008,PROD-0013,1719482595
USER_008,PROD-0009,1708407311
USER_008,PROD-0013,1759378842
USER_008,PROD-0008,1734632230
USER_008,PROD-0008,1750569007
USER_008,PROD-0013,1721226161
USER_008,PROD-0004,1710893097
USER_008,PROD-0019,1705797726
USER_008,PROD-0001,1752577107
USER_008,PROD-0016,1751880115
USER_008,PROD-0008,1723088187
USER_008,PROD-0017,1740388988
USER_008,PROD-0019,1742535063
USER_008,PROD-0016,1730371819
USER_008,PROD-0005,1736660434
USER_008,PROD-0013,1711035027
USER_008,PROD-0019,1753735654
USER_008,PROD-0019,1704615640
USER_009,PROD-0020,1738876559
USER_009,PROD-0014,1712275343
USER_009,PROD-0020,1733335938
USER_009,PROD-0013,1721999045
USER_009,PROD-0014,1747447915
USER_009,PROD-0007,1724825271
USER_009,PROD-0012,1761602529
USER_009,PROD-0014,1734772989
USER_009,PROD-0009,1764203488
USER_009,PROD-0014,1711011064
USER_009,PROD-0005,1748381087
USER_009,PROD-0014,1705306185
USER_009,PROD-0009,1759455890
USER_009,PROD-0018,1728241908
USER_009,PROD-0013,1724122904
USER_009,PROD-0014,1738349544
USER_009,PROD-0011,1733336505
USER_009,PROD-0014,1713957319
USER_009,PROD-0009,1710200256
USER_009,PROD-0014,1751590223
USER_009,PROD-0014,1731649279
USER_009,PROD-0014,1730176388
USER_009,PROD-0014,1712923172
USER_009,PROD-0020,1760869206
USER_009,PROD-0009,1706398219
USER_009,PROD-0020,1727026121
USER_009,PROD-0009,1719666135
USER_009,PROD-0020,1705627600
USER_009,PROD-0014,1723668618
USER_009,PROD-0009,1761163426
USER_009,PROD-0006,1743186580
USER_009,PROD-0018,1760402242
USER_009,PROD-0014,1757918324
USER_009,PROD-0015,1727084837
USER_009,PROD-0014,1713735256
USER_009,PROD-0020,1713514793
USER_009,PROD-0005,1724141183
USER_009,PROD-0009,1732392005
USER_009,PROD-0020,1759866449
USER_009,PROD-0007,1708115238
USER_009,PROD-0009,1722590375
USER_009,PROD-0019,1724869829
USER_009,PROD-0009,1733168717
USER_009,PROD-0011,1740295603
USER_009,PROD-0006,1717651552
USER_009,PROD-0009,1707679384
USER_009,PROD-0009,1754331414
USER_009,PROD-0012,1754408278
USER_009,PROD-0014,1713225357
USER_010,PROD-0012,1749944798
USER_010,PROD-0001,1724603340
USER_010,PROD-0010,1763537866
USER_010,PROD-0010,1738579805
USER_010,PROD-0011,1709623048
USER_010,PROD-0001,1729499140
USER_010,PROD-0010,1713948600
USER_010,PROD-0006,1737454918
USER_010,PROD-0001,1725615133
USER_010,PROD-0017,1723781843
USER_010,PROD-0015,1719902492
USER_010,PROD-0019,1746848457
USER_010,PROD-0004,1718863655
USER_010,PROD-0016,1727645369
USER_010,PROD-0020,1715455557
USER_010,PROD-0015,1734515947
USER_010,PROD-0008,1726935067
USER_010,PROD-0005,1752867204
USER_010,PROD-0006,1707701139
USER_010,PROD-0017,1732104391
USER_010,PROD-0012,1728695191
USER_010,PROD-0003,1760997828
USER_010,PROD-0010,1708676767
USER_010,PROD-0011,1734264005
USER_010,PROD-0013,1716490533
USER_010,PROD-0015,1740396670
USER_010,PROD-0015,1716516121
USER_010,PROD-0014,1749018744
USER_010,PROD-0019,1724775122
USER_010,PROD-0001,1748993748
USER_010,PROD-0015,1708516875
USER_010,PROD-0010,1736801663
USER_010,PROD-0010,1710705119
USER_010,PROD-0001,1739878583
USER_010,PROD-0001,1729050164
USER_010,PROD-0010,1747706191
USER_010,PROD-0010,1756680690
USER_010,PROD-0013,1709163846
USER_010,PROD-0015,1746512684
USER_010,PROD-0001,1717432418
USER_010,PROD-0010,1739261029
USER_010,PROD-0001,1743445745
USER_010,PROD-0010,1767060913
USER_011,PROD-0016,1762846461
USER_011,PROD-0019,1714949260
USER_011,PROD-0010,1720648679
USER_011,PROD-0002,1714948137
USER_011,PROD-0016,1708559486
USER_011,PROD-0016,1761648065
USER_011,PROD-0016,1715963282
USER_011,PROD-0011,1760534555
USER_011,PROD-0002,1750235337
USER_011,PROD-0002,1739433670
USER_011,PROD-0011,1715510802
USER_011,PROD-0016,1707739656
USER_011,PROD-0011,1746926526
USER_011,PROD-0002,1739187405
USER_011,PROD-0006,1721224804
USER_011,PROD-0016,1704666931
USER_011,PROD-0011,1712356044
USER_011,PROD-0002,1760946144
USER_011,PROD-0002,1710637323
USER_011,PROD-0009,1729254411
USER_011,PROD-0011,1732612552
USER_011,PROD-0002,1761349430
USER_011,PROD-0002,1754835966
USER_011,PROD-0011,1720159166
USER_011,PROD-0002,1733519515
USER_011,PROD-0017,1759986732
USER_011,PROD-0016,1711441347
USER_011,PROD-0002,1762755159
USER_011,PROD-0018,1752610449
USER_011,PROD-0002,1740802884
USER_011,PROD-0016,1713477700
USER_011,PROD-0015,1747613936
USER_011,PROD-0016,1741981677
USER_011,PROD-0007,1733029098
USER_011,PROD-0016,1723879154
USER_011,PROD-0004,1755739547
USER_011,PROD-0005,1760007312
USER_011,PROD-0011,1715634167
USER_011,PROD-0002,1718200567
USER_011,PROD-0016,1767203538
USER_011,PROD-0002,1749724375
USER_011,PROD-0016,1712540400
USER_011,PROD-0013,1737194022
USER_011,PROD-0002,1744781146
USER_011,PROD-0017,1764476983
USER_011,PROD-0011,1713633343
USER_012,PROD-0020,1741749145
USER_012,PROD-0012,1733744556
USER_012,PROD-0017,1735714761
USER_012,PROD-0001,1705338500
USER_012,PROD-0005,1744294193
USER_012,PROD-0012,1752001597
USER_012,PROD-0017,1752038991
USER_012,PROD-0003,1740360552
USER_012,PROD-0013,1760450270
USER_012,PROD-0017,1766594669
USER_012,PROD-0001,1709493996
USER_012,PROD-0019,1735530330
USER_012,PROD-0017,1734236914
USER_012,PROD-0020,1745526409
USER_012,PROD-0007,1708976265
USER_012,PROD-0003,1763847089
USER_012,PROD-0015,1717108875
USER_012,PROD-0019,1731901985
USER_012,PROD-0001,1745701088
USER_012,PROD-0011,1751728964
USER_012,PROD-0012,1726989911
USER_012,PROD-0003,1758308996
USER_012,PROD-0017,1766075565
USER_012,PROD-0003,1730049649
USER_012,PROD-0012,1721115823
USER_012,PROD-0012,1728927371
USER_012,PROD-0017,1722948513
USER_012,PROD-0010,1756442325
USER_012,PROD-0012,1753764519
USER_012,PROD-0012,1710361797
USER_012,PROD-0017,1705112517
USER_012,PROD-0010,1717007998
USER_012,PROD-0003,1743067483
USER_012,PROD-0017,1762534148
USER_012,PROD-0003,1712775496
USER_012,PROD-0020,1721889902
USER_012,PROD-0004,1762399340
USER_012,PROD-0016,1720513555
USER_012,PROD-0017,1757548308
USER_012,PROD-0003,1710417113
USER_012,PROD-0017,1706706857
USER_012,PROD-0003,1764524378
USER_012,PROD-0012,1742821256
USER_012,PROD-0003,1744989297
USER_012,PROD-0002,1741565775
USER_012,PROD-0002,1760125119
USER_012,PROD-0003,1707466991
USER_012,PROD-0003,1737952494
USER_012,PROD-0017,1763145131
USER_012,PROD-0017,1754199953
USER_012,PROD-0012,1766069429
USER_013,PROD-0014,1741946047
USER_013,PROD-0015,1748500182
USER_013,PROD-0018,1747538799
USER_013,PROD-0013,1744108911
USER_013,PROD-0019,1714767525
USER_013,PROD-0018,1728303935
USER_013,PROD-0018,1760363934
USER_013,PROD-0004,1725876900
USER_013,PROD-0013,1746236521
USER_013,PROD-0018,1723084380
USER_013,PROD-0013,1738626157
USER_013,PROD-0013,1710102194
USER_013,PROD-0004,1743124761
USER_013,PROD-0004,1763565863
USER_013,PROD-0004,1744475432
USER_013,PROD-0018,1706012786
USER_013,PROD-0004,1766992498
USER_013,PROD-0018,1719133829
USER_013,PROD-0013,1762280968
USER_013,PROD-0013,1747042699
USER_013,PROD-0010,1742143907
USER_013,PROD-0004,1751986706
USER_013,PROD-0018,1731735621
USER_013,PROD-0018,1704907092
USER_013,PROD-0013,1740667182
USER_013,PROD-0016,1757417913
USER_013,PROD-0019,1744532232
USER_013,PROD-0004,1751995869
USER_013,PROD-0013,1744610013
USER_013,PROD-0013,1747433739
USER_013,PROD-0013,1749410780
USER_013,PROD-0012,1740020694
USER_013,PROD-0004,1724345393
USER_013,PROD-0013,1711102912
USER_013,PROD-0018,1713939933
USER_013,PROD-0013,1747614650
USER_013,PROD-0018,1740729554
USER_013,PROD-0013,1750015710
USER_013,PROD-0012,1710317156
USER_013,PROD-0018,1709120814
USER_013,PROD-0004,1709825659
USER_013,PROD-0004,1720564651
USER_013,PROD-0018,1721831283
USER_013,PROD-0013,1733041853
USER_013,PROD-0004,1726490699
USER_013,PROD-0020,1758181310
USER_013,PROD-0010,1728943405
USER_013,PROD-0001,1742427659
USER_013,PROD-0004,1745340935
USER_013,PROD-0018,1717400398
USER_013,PROD-0018,1730147997
USER_013,PROD-0013,1721926150
USER_014,PROD-0014,1743151117
USER_014,PROD-0020,1736020807
USER_014,PROD-0019,1714245267
USER_014,PROD-0019,1708565072
USER_014,PROD-0005,1719816922
USER_014,PROD-0004,1741486060
USER_014,PROD-0014,1746859371
USER_014,PROD-0014,1719162279
USER_014,PROD-0019,1759396294
USER_014,PROD-0019,1757522411
USER_014,PROD-0014,1754914614
USER_014,PROD-0005,1717929003
USER_014,PROD-0019,1748453322
USER_014,PROD-0003,1729432848
USER_014,PROD-0013,1721718180
USER_014,PROD-0019,1741767407
USER_014,PROD-0014,1744027762
USER_014,PROD-0013,1706310661
USER_014,PROD-0019,1720545756
USER_014,PROD-0009,1760784011
USER_014,PROD-0005,1718295108
USER_014,PROD-0003,1750245510
USER_014,PROD-0005,1722687136
USER_014,PROD-0005,1705931248
USER_014,PROD-0020,1705349123
USER_014,PROD-0017,1736351308
USER_014,PROD-0019,1713544610
USER_014,PROD-0014,1762620496
USER_014,PROD-0014,1740761965
USER_014,PROD-0016,1748352640
USER_014,PROD-0014,1759502527
USER_014,PROD-0002,1708325004
USER_014,PROD-0019,1766399947
USER_014,PROD-0019,1730960608
USER_014,PROD-0009,1742536644
USER_014,PROD-0016,1725122305
USER_014,PROD-0005,1704820679
USER_014,PROD-0014,1756394358
USER_014,PROD-0002,1705129164
USER_014,PROD-0005,1763874282
USER_014,PROD-0014,1705500626
USER_014,PROD-0006,1746208951
USER_014,PROD-0012,1749188582
USER_014,PROD-0014,1738551403
USER_014,PROD-0019,1764184208
USER_014,PROD-0015,1741285420
USER_014,PROD-0006,1708632048
USER_015,PROD-0006,1718437876
USER_015,PROD-0020,1704902142
USER_015,PROD-0020,1758582808
USER_015,PROD-0020,1733667299
USER_015,PROD-0015,1747372477
USER_015,PROD-0005,1732644851
USER_015,PROD-0020,1746041677
USER_015,PROD-0004,1740330554
USER_015,PROD-0015,1710438239
USER_015,PROD-0004,1759520961
USER_015,PROD-0003,1744636133
USER_015,PROD-0015,1717625541
USER_015,PROD-0006,1741872186
USER_015,PROD-0015,1763456027
USER_015,PROD-0018,1742508511
USER_015,PROD-0015,1713171787
USER_015,PROD-0006,1745043236
USER_015,PROD-0019,1717398220
USER_015,PROD-0016,1720824951
USER_015,PROD-0015,1726592319
USER_015,PROD-0020,1715278133
USER_015,PROD-0001,1726583564
USER_015,PROD-0006,1726593937
USER_015,PROD-0010,1763456893
USER_015,PROD-0006,1725580372
USER_015,PROD-0018,1748683963
USER_015,PROD-0006,1765792789
USER_015,PROD-0015,1748357039
USER_015,PROD-0004,1766853349
USER_015,PROD-0020,1744260806
USER_015,PROD-0010,1721127163
USER_015,PROD-0020,1740629464
USER_015,PROD-0015,1727206911
USER_015,PROD-0012,1745627303
USER_015,PROD-0009,1705856440
USER_015,PROD-0020,1716765890
USER_015,PROD-0020,1710425711
USER_015,PROD-0010,1746301064
USER_015,PROD-0015,1709551424
USER_015,PROD-0020,1739439464
USER_015,PROD-0020,1718697891
USER_015,PROD-0020,1730978469
USER_015,PROD-0020,1759771510
USER_015,PROD-0014,1732522305
USER_015,PROD-0020,1738210145
USER_015,PROD-0020,1744144465
USER_015,PROD-0020,1737815729
USER_015,PROD-0006,1754445430
USER_015,PROD-0009,1739260942
USER_016,PROD-0011,1710520600
USER_016,PROD-0001,1750891182
USER_016,PROD-0006,1757598352
USER_016,PROD-0007,1761338509
USER_016,PROD-0001,1726389805
USER_016,PROD-0018,1744362302
USER_016,PROD-0015,1750168708
USER_016,PROD-0001,1719271690
USER_016,PROD-0001,1755817908
USER_016,PROD-0001,1711517480
USER_016,PROD-0020,1764784637
USER_016,PROD-0007,1757987051
USER_016,PROD-0014,1714649666
USER_016,PROD-0017,1724399095
USER_016,PROD-0016,1713163235
USER_016,PROD-0009,1750942227
USER_016,PROD-0014,1750329144
USER_016,PROD-0012,1710574472
USER_016,PROD-0016,1746235588
USER_016,PROD-0014,1729869985
USER_016,PROD-0007,1718632414
USER_016,PROD-0003,1754602829
USER_016,PROD-0010,1716161964
USER_016,PROD-0007,1726363113
USER_016,PROD-0007,1706490925
USER_016,PROD-0001,1752703531
USER_016,PROD-0007,1733496402
USER_016,PROD-0001,1718677159
USER_016,PROD-0006,1718582400
USER_016,PROD-0017,1739669108
USER_016,PROD-0016,1737762268
USER_016,PROD-0001,1755413086
USER_016,PROD-0016,1712381827
USER_016,PROD-0006,1726334640
USER_016,PROD-0007,1763701591
USER_016,PROD-0009,1707458389
USER_016,PROD-0007,1761605494
USER_016,PROD-0009,1712058265
USER_016,PROD-0016,1760340014
USER_016,PROD-0007,1719355981
USER_016,PROD-0004,1751961231
USER_016,PROD-0007,1721364985
USER_016,PROD-0016,1711643000
USER_017,PROD-0008,1750103784
USER_017,PROD-0007,1724129100
USER_017,PROD-0003,1717522389
USER_017,PROD-0015,1745764920
USER_017,PROD-0017,1732346058
USER_017,PROD-0002,1718095219
USER_017,PROD-0002,1729244755
USER_017,PROD-0006,1726632654
USER_017,PROD-0017,1754593073
USER_017,PROD-0010,1739818413
USER_017,PROD-0018,1739491957
USER_017,PROD-0008,1733495977
USER_017,PROD-0007,1765256863
USER_017,PROD-0017,1709414013
USER_017,PROD-0002,1709273352
USER_017,PROD-0008,1742267734
USER_017,PROD-0009,1716218843
USER_017,PROD-0015,1728291667
USER_017,PROD-0008,1737191747
USER_017,PROD-0008,1754961268
USER_017,PROD-0002,1707418416
USER_017,PROD-0019,1720491065
USER_017,PROD-0010,1745538961
USER_017,PROD-0017,1716485780
USER_017,PROD-0011,1739679809
USER_017,PROD-0011,1726226488
USER_017,PROD-0002,1711368963
USER_017,PROD-0008,1761654584
USER_017,PROD-0008,1705873928
USER_017,PROD-0006,1731536589
USER_017,PROD-0009,1713056465
USER_017,PROD-0010,1751980147
USER_017,PROD-0004,1708141494
USER_017,PROD-0008,1736373555
USER_017,PROD-0007,1758916520
USER_017,PROD-0002,1715466601
USER_017,PROD-0002,1766729640
USER_017,PROD-0008,1722353597
USER_017,PROD-0013,1744872788
USER_017,PROD-0008,1751816480
USER_017,PROD-0012,1762898066
USER_018,PROD-0009,1752263712
USER_018,PROD-0003,1711411460
USER_018,PROD-0009,1740685831
USER_018,PROD-0006,1738960370
USER_018,PROD-0006,1720115756
USER_018,PROD-0020,1730054435
USER_018,PROD-0009,1725011803
USER_018,PROD-0018,1762600605
USER_018,PROD-0003,1759732154
USER_018,PROD-0003,1748582779
USER_018,PROD-0012,1721277324
USER_018,PROD-0018,1707036441
USER_018,PROD-0009,1731885515
USER_018,PROD-0009,1713154165
USER_018,PROD-0008,1742244817
USER_018,PROD-0018,1766199114
USER_018,PROD-0009,1704963999
USER_018,PROD-0009,1752700981
USER_018,PROD-0018,1749888528
USER_018,PROD-0018,1723452006
USER_018,PROD-0009,1742349841
USER_018,PROD-0018,1763648677
USER_018,PROD-0007,1705890906
USER_018,PROD-0003,1760141227
USER_018,PROD-0003,1733767678
USER_018,PROD-0014,1704879838
USER_018,PROD-0009,1714325918
USER_018,PROD-0009,1720102170
USER_018,PROD-0014,1743416318
USER_018,PROD-0015,1711943600
USER_018,PROD-0009,1750344750
USER_018,PROD-0018,1733549594
USER_018,PROD-0005,1728616736
USER_018,PROD-0009,1712559249
USER_018,PROD-0018,1747987063
USER_018,PROD-0009,1716332603
USER_018,PROD-0009,1754274155
USER_018,PROD-0018,1747957824
USER_018,PROD-0003,1764717997
USER_018,PROD-0003,1732565822
USER_018,PROD-0018,1742540745
USER_018,PROD-0009,1746000757
USER_018,PROD-0009,1755411255
USER_018,PROD-0003,1715999165
USER_018,PROD-0008,1756370013
USER_018,PROD-0018,1705365342
USER_018,PROD-0018,1756708232
USER_018,PROD-0006,1763364602
USER_018,PROD-0009,1727566131
USER_018,PROD-0019,1745125751
USER_018,PROD-0003,1716614099
USER_018,PROD-0003,1722883354
USER_018,PROD-0003,1733665178
USER_018,PROD-0006,1743038798
USER_019,PROD-0018,1737611018
USER_019,PROD-0018,1731921773
USER_019,PROD-0010,1708968866
USER_019,PROD-0019,1760430635
USER_019,PROD-0004,1725766142
USER_019,PROD-0008,1706653050
USER_019,PROD-0010,1713504546
USER_019,PROD-0020,1727692949
USER_019,PROD-0004,1708438098
USER_019,PROD-0019,1706482480
USER_019,PROD-0019,1714084984
USER_019,PROD-0017,1758437593
USER_019,PROD-0004,1714597817
USER_019,PROD-0011,1735659678
USER_019,PROD-0019,1712378949
USER_019,PROD-0019,1744401158
USER_019,PROD-0019,1759143672
USER_019,PROD-0019,1756001363
USER_019,PROD-0020,1727911684
USER_019,PROD-0019,1713327708
USER_019,PROD-0002,1758202689
USER_019,PROD-0019,1715014033
USER_019,PROD-0019,1765928711
USER_019,PROD-0018,1758165175
USER_019,PROD-0019,1709891157
USER_019,PROD-0010,1721294457
USER_019,PROD-0003,1721913642
USER_019,PROD-0010,1744071941
USER_019,PROD-0004,1756022835
USER_019,PROD-0004,1753099811
USER_019,PROD-0019,1723454209
USER_019,PROD-0004,1741789090
USER_019,PROD-0006,1746791988
USER_019,PROD-0010,1752123995
USER_019,PROD-0002,1754912414
USER_019,PROD-0010,1766645522
USER_019,PROD-0004,1742133593
USER_019,PROD-0010,1754557133
USER_019,PROD-0010,1731791012
USER_019,PROD-0010,1728035595
USER_019,PROD-0019,1723262869
USER_019,PROD-0006,1708062396
USER_019,PROD-0017,1749156365
USER_019,PROD-0004,1729064982
USER_019,PROD-0004,1754668466
USER_019,PROD-0003,1740755395
USER_019,PROD-0010,1734225919
USER_019,PROD-0004,1749873677
USER_019,PROD-0010,1704837919
USER_019,PROD-0004,1755827410
USER_019,PROD-0016,1746012656
USER_019,PROD-0013,1761083306
USER_019,PROD-0019,1730734350
USER_019,PROD-0012,1713738874
USER_019,PROD-0004,1766623724
USER_019,PROD-0010,1754632747
USER_019,PROD-0019,1763510177
USER_019,PROD-0010,1740910573
USER_019,PROD-0015,1743619531
USER_019,PROD-0004,1751702653
USER_020,PROD-0004,1733817347
USER_020,PROD-0020,1756196491
USER_020,PROD-0014,1716440262
USER_020,PROD-0005,1712275733
USER_020,PROD-0005,1757780455
USER_020,PROD-0005,1705715690
USER_020,PROD-0017,1717548505
USER_020,PROD-0020,1761933393
USER_020,PROD-0011,1706186920
USER_020,PROD-0006,1712537723
USER_020,PROD-0020,1746224467
USER_020,PROD-0005,1725394219
USER_020,PROD-0011,1707542917
USER_020,PROD-0020,1719198431
USER_020,PROD-0020,1707492425
USER_020,PROD-0020,1761272096
USER_020,PROD-0011,1724189988
USER_020,PROD-0020,1729411957
USER_020,PROD-0020,1737958214
USER_020,PROD-0011,1709948741
USER_020,PROD-0010,1706150793
USER_020,PROD-0013,1724716455
USER_020,PROD-0005,1751724429
USER_020,PROD-0018,1747922904
USER_020,PROD-0020,1756204555
USER_020,PROD-0005,1712368814
USER_020,PROD-0020,1755305719
USER_020,PROD-0018,1751343359
USER_020,PROD-0011,1743160527
USER_020,PROD-0011,1766078724
USER_020,PROD-0020,1758920985
USER_020,PROD-0018,1748630518
USER_020,PROD-0011,1737595939
USER_020,PROD-0016,1728966582
USER_020,PROD-0020,1717656447
USER_020,PROD-0011,1737828232
USER_020,PROD-0020,1753017984
USER_020,PROD-0017,1746242295
USER_020,PROD-0020,1753724882
USER_020,PROD-0005,1747693555
USER_020,PROD-0003,1735902125
USER_020,PROD-0005,1709389890
USER_020,PROD-0009,1747644712
USER_020,PROD-0005,1749284991
USER_020,PROD-0006,1705051067
USER_020,PROD-0005,1765595577
USER_020,PROD-0005,1742976048
USER_020,PROD-0016,1756685043
USER_020,PROD-0020,1765732175
USER_020,PROD-0005,1716578754
USER_020,PROD-0020,1759613720
USER_020,PROD-0020,1752875510
USER_020,PROD-0005,1705915629
USER_020,PROD-0011,1735151148
USER_020,PROD-0018,1753479155
USER_020,PROD-0011,1764799371
USER_021,PROD-0001,1711895581
USER_021,PROD-0012,1726259980
USER_021,PROD-0013,1762179532
USER_021,PROD-0006,1735375726
USER_021,PROD-0006,1708644528
USER_021,PROD-0006,1746418397
USER_021,PROD-0001,1720153954
USER_021,PROD-0005,1712885724
USER_021,PROD-0012,1733890705
USER_021,PROD-0012,1716705954
USER_021,PROD-0006,1710200781
USER_021,PROD-0012,1736977897
USER_021,PROD-0012,1722913381
USER_021,PROD-0006,1726367283
USER_021,PROD-0012,1732229147
USER_021,PROD-0002,1707586556
USER_021,PROD-0019,1719089076
USER_021,PROD-0017,1722662464
USER_021,PROD-0013,1737349623
USER_021,PROD-0006,1744925982
USER_021,PROD-0003,1740063533
USER_021,PROD-0006,1737427647
USER_021,PROD-0006,1717939778
USER_021,PROD-0003,1734010061
USER_021,PROD-0018,1741572288
USER_021,PROD-0006,1728567931
USER_021,PROD-0019,1725815254
USER_021,PROD-0006,1717698462
USER_021,PROD-0008,1704638143
USER_021,PROD-0006,1749763421
USER_021,PROD-0012,1722833303
USER_021,PROD-0012,1747324686
USER_021,PROD-0001,1765419208
USER_021,PROD-0012,1706139859
USER_021,PROD-0006,1729124947
USER_021,PROD-0001,1752424205
USER_021,PROD-0006,1731647595
USER_021,PROD-0009,1749749667
USER_021,PROD-0001,1714222711
USER_021,PROD-0020,1729394085
USER_021,PROD-0006,1741171017
USER_022,PROD-0002,1726233795
USER_022,PROD-0013,1748887578
USER_022,PROD-0010,1728961022
USER_022,PROD-0013,1713274819
USER_022,PROD-0010,1748365350
USER_022,PROD-0007,1732148726
USER_022,PROD-0002,1755928597
USER_022,PROD-0013,1743588072
USER_022,PROD-0013,1716116815
USER_022,PROD-0002,1714350148
USER_022,PROD-0007,1754345078
USER_022,PROD-0002,1744044844
USER_022,PROD-0019,1711875511
USER_022,PROD-0016,1764877923
USER_022,PROD-0005,1747678427
USER_022,PROD-0005,1721888070
USER_022,PROD-0017,1737776080
USER_022,PROD-0002,1766186474
USER_022,PROD-0014,1737862965
USER_022,PROD-0007,1761154713
USER_022,PROD-0007,1754557242
USER_022,PROD-0002,1711839100
USER_022,PROD-0002,1722150502
USER_022,PROD-0004,1742649596
USER_022,PROD-0007,1719967888
USER_022,PROD-0003,1764929776
USER_022,PROD-0005,1720782835
USER_022,PROD-0012,1741661146
USER_022,PROD-0019,1711570730
USER_022,PROD-0007,1736147019
USER_022,PROD-0019,1741468845
USER_022,PROD-0012,1734662718
USER_022,PROD-0006,1730536007
USER_022,PROD-0007,1766536485
USER_022,PROD-0004,1755587796
USER_022,PROD-0004,1727312404
USER_022,PROD-0002,1744886116
USER_022,PROD-0013,1735667214
USER_022,PROD-0004,1748692138
USER_022,PROD-0013,1763707410
USER_022,PROD-0018,1764044138
USER_022,PROD-0002,1722029047
USER_022,PROD-0002,1718119968
USER_022,PROD-0011,1734341125
USER_023,PROD-0007,1730008851
USER_023,PROD-0008,1762314754
USER_023,PROD-0014,1729660462
USER_023,PROD-0017,1724249975
USER_023,PROD-0002,1707539263
USER_023,PROD-0014,1761856599
USER_023,PROD-0014,1731303157
USER_023,PROD-0003,1737505382
USER_023,PROD-0008,1764545001
USER_023,PROD-0014,1717107044
USER_023,PROD-0003,1738917765
USER_023,PROD-0003,1725009315
USER_023,PROD-0003,1747147676
USER_023,PROD-0014,1749136234
USER_023,PROD-0003,1723712716
USER_023,PROD-0008,1715876745
USER_023,PROD-0012,1708736878
USER_023,PROD-0008,1741015495
USER_023,PROD-0005,1720859992
USER_023,PROD-0014,1763231240
USER_023,PROD-0009,1749498396
USER_023,PROD-0003,1754978329
USER_023,PROD-0008,1714401032
USER_023,PROD-0014,1754744459
USER_023,PROD-0010,1704703167
USER_023,PROD-0020,1727369371
USER_023,PROD-0014,1759912352
USER_023,PROD-0003,1709607086
USER_023,PROD-0014,1735840436
USER_023,PROD-0016,1712584080
USER_023,PROD-0008,1722461847
USER_023,PROD-0006,1708230794
USER_023,PROD-0003,1738875021
USER_023,PROD-0014,1724249206
USER_023,PROD-0003,1707872897
USER_023,PROD-0003,1710315603
USER_023,PROD-0008,1724525071
USER_023,PROD-0003,1711329052
USER_023,PROD-0015,1725484363
USER_023,PROD-0014,1744069125
USER_023,PROD-0014,1729526953
USER_023,PROD-0014,1740720160
USER_023,PROD-0014,1709912362
USER_023,PROD-0014,1744909266
USER_023,PROD-0003,1709558152
USER_023,PROD-0012,1730109441
USER_023,PROD-0018,1725960174
USER_023,PROD-0007,1728097807
USER_023,PROD-0019,1731743129
USER_023,PROD-0008,1711408965
USER_023,PROD-0008,1750656526
USER_023,PROD-0013,1751941024
USER_023,PROD-0008,1734408991
USER_023,PROD-0008,1731384423
USER_023,PROD-0008,1707968917
USER_023,PROD-0003,1727924971
USER_023,PROD-0014,1710223530
USER_023,PROD-0008,1722234291
USER_024,PROD-0009,1716988411
USER_024,PROD-0004,1720526392
USER_024,PROD-0005,1754050929
USER_024,PROD-0007,1708081960
USER_024,PROD-0015,1744344043
USER_024,PROD-0003,1754377980
USER_024,PROD-0004,1715880609
USER_024,PROD-0015,1741176013
USER_024,PROD-0004,1735244191
USER_024,PROD-0017,1761875318
USER_024,PROD-0004,1734202721
USER_024,PROD-0003,1758284431
USER_024,PROD-0009,1745444284
USER_024,PROD-0019,1726057421
USER_024,PROD-0015,1731773440
USER_024,PROD-0016,1736389227
USER_024,PROD-0019,1736238046
USER_024,PROD-0008,1755109633
USER_024,PROD-0020,1705252716
USER_024,PROD-0009,1743661713
USER_024,PROD-0009,1739277302
USER_024,PROD-0005,1745729240
USER_024,PROD-0009,1755787793
USER_024,PROD-0004,1749681679
USER_024,PROD-0015,1751343174
USER_024,PROD-0010,1761570895
USER_024,PROD-0019,1736926479
USER_024,PROD-0009,1710813786
USER_024,PROD-0015,1725154661
USER_024,PROD-0015,1720650248
USER_024,PROD-0015,1748358207
USER_024,PROD-0015,1733118658
USER_024,PROD-0002,1712654609
USER_024,PROD-0017,1732166180
USER_024,PROD-0009,1705655272
USER_024,PROD-0004,1707718699
USER_024,PROD-0002,1716254741
USER_024,PROD-0009,1740668170
USER_024,PROD-0015,1759100210
USER_024,PROD-0004,1765257508
USER_024,PROD-0015,1733426267
USER_024,PROD-0015,1756013841
USER_024,PROD-0015,1751279975
USER_024,PROD-0004,1711619290
USER_024,PROD-0009,1721848522
USER_024,PROD-0009,1706332433
USER_024,PROD-0015,1709734835
USER_024,PROD-0009,1729952648
USER_024,PROD-0009,1716163327
USER_024,PROD-0016,1726280290
USER_024,PROD-0015,1736910948
USER_024,PROD-0015,1743389331
USER_024,PROD-0004,1767121806
USER_024,PROD-0018,1704988344
USER_024,PROD-0013,1758450347
USER_024,PROD-0004,1763521451
USER_024,PROD-0009,1713247359
USER_024,PROD-0012,1761042636
USER_024,PROD-0004,1734391882
USER_025,PROD-0005,1722902453
USER_025,PROD-0016,1723159327
USER_025,PROD-0004,1754835401
USER_025,PROD-0001,1755701704
USER_025,PROD-0005,1733932916
USER_025,PROD-0008,1755856570
USER_025,PROD-0010,1716152646
USER_025,PROD-0016,1721171128
USER_025,PROD-0019,1747145838
USER_025,PROD-0013,1713000711
USER_025,PROD-0005,1725592520
USER_025,PROD-0005,1736510194
USER_025,PROD-0010,1753251011
USER_025,PROD-0016,1749918263
USER_025,PROD-0002,1745966307
USER_025,PROD-0019,1718523584
USER_025,PROD-0010,1745981983
USER_025,PROD-0016,1713266541
USER_025,PROD-0012,1766565696
USER_025,PROD-0016,1704260754
USER_025,PROD-0016,1712632761
USER_025,PROD-0016,1714180478
USER_025,PROD-0015,1753037772
USER_025,PROD-0007,1733945304
USER_025,PROD-0005,1727416599
USER_025,PROD-0005,1707802489
USER_025,PROD-0007,1758918789
USER_025,PROD-0005,1759938918
USER_025,PROD-0005,1763290214
USER_025,PROD-0010,1738257045
USER_025,PROD-0005,1761627216
USER_025,PROD-0016,1717577635
USER_025,PROD-0013,1727499872
USER_025,PROD-0005,1705183524
USER_025,PROD-0003,1745177325
USER_025,PROD-0012,1712244181
USER_025,PROD-0020,1704860449
USER_025,PROD-0010,1743331726
USER_025,PROD-0016,1751931267
USER_025,PROD-0014,1739500043
USER_025,PROD-0017,1717727242
USER_025,PROD-0016,1745142737
USER_025,PROD-0016,1764958851
USER_025,PROD-0005,1743305385
USER_025,PROD-0016,1746537690
USER_025,PROD-0016,1754181893
USER_025,PROD-0015,1756950231
USER_026,PROD-0015,1716293983
USER_026,PROD-0006,1748229992
USER_026,PROD-0011,1711918480
USER_026,PROD-0017,1753001128
USER_026,PROD-0017,1721080963
USER_026,PROD-0007,1709089625
USER_026,PROD-0011,1715997308
USER_026,PROD-0019,1726035970
USER_026,PROD-0017,1756668948
USER_026,PROD-0018,1763123161
USER_026,PROD-0008,1707704389
USER_026,PROD-0017,1766936128
USER_026,PROD-0011,1740557724
USER_026,PROD-0006,1748166917
USER_026,PROD-0013,1754495757
USER_026,PROD-0011,1761740096
USER_026,PROD-0011,1752023396
USER_026,PROD-0008,1757270563
USER_026,PROD-0019,1713976270
USER_026,PROD-0017,1765786095
USER_026,PROD-0017,1756584063
USER_026,PROD-0006,1745042301
USER_026,PROD-0003,1707725143
USER_026,PROD-0017,1723234916
USER_026,PROD-0011,1758796237
USER_026,PROD-0017,1719939311
USER_026,PROD-0003,1746216612
USER_026,PROD-0006,1736639573
USER_026,PROD-0006,1761585393
USER_026,PROD-0006,1724378893
USER_026,PROD-0017,1739774728
USER_026,PROD-0004,1736104171
USER_026,PROD-0013,1753001695
USER_026,PROD-0006,1730671737
USER_026,PROD-0017,1750481474
USER_026,PROD-0002,1754184229
USER_026,PROD-0018,1752301467
USER_026,PROD-0011,1745699125
USER_026,PROD-0011,1725603272
USER_026,PROD-0005,1705275339
USER_026,PROD-0006,1733134813
USER_026,PROD-0010,1745050144
USER_026,PROD-0006,1737125825
USER_026,PROD-0011,1707448025
USER_026,PROD-0019,1764851765
USER_026,PROD-0017,1731225381
USER_026,PROD-0004,1766912544
USER_026,PROD-0008,1723560230
USER_026,PROD-0017,1741741900
USER_026,PROD-0011,1752467607
USER_026,PROD-0017,1739957456
USER_026,PROD-0006,1747939342
USER_026,PROD-0020,1750201542
USER_026,PROD-0018,1716858592
USER_026,PROD-0004,1718583363
USER_026,PROD-0018,1706122421
USER_026,PROD-0019,1714433556
USER_027,PROD-0007,1715582207
USER_027,PROD-0018,1743422535
USER_027,PROD-0018,1721897052
USER_027,PROD-0012,1710137012
USER_027,PROD-0007,1762003924
USER_027,PROD-0018,1731191668
USER_027,PROD-0007,1704780124
USER_027,PROD-0007,1713424284
USER_027,PROD-0012,1731787218
USER_027,PROD-0020,1749940437
USER_027,PROD-0006,1715408832
USER_027,PROD-0018,1727398449
USER_027,PROD-0002,1732961787
USER_027,PROD-0015,1765868903
USER_027,PROD-0018,1746179355
USER_027,PROD-0013,1719996111
USER_027,PROD-0018,1759555625
USER_027,PROD-0013,1746454558
USER_027,PROD-0001,1761828913
USER_027,PROD-0018,1720495458
USER_027,PROD-0017,1715405610
USER_027,PROD-0012,1741052273
USER_027,PROD-0018,1719597222
USER_027,PROD-0007,1751449692
USER_027,PROD-0012,1762164176
USER_027,PROD-0005,1765863050
USER_027,PROD-0018,1729427902
USER_027,PROD-0005,1747519437
USER_027,PROD-0015,1736682766
USER_027,PROD-0010,1757749142
USER_027,PROD-0007,1730710762
USER_027,PROD-0012,1708387601
USER_027,PROD-0001,1762883347
USER_027,PROD-0016,1763814408
USER_027,PROD-0018,1721388764
USER_027,PROD-0002,1766307627
USER_027,PROD-0016,1708853274
USER_027,PROD-0018,1762510085
USER_027,PROD-0018,1726567838
USER_027,PROD-0014,1758089647
USER_027,PROD-0004,1710213545
USER_027,PROD-0019,1714765833
USER_027,PROD-0019,1748257964
USER_027,PROD-0018,1721734085
USER_027,PROD-0015,1750866818
USER_027,PROD-0002,1741816181
USER_027,PROD-0007,1746166777
USER_028,PROD-0017,1752075093
USER_028,PROD-0019,1709048005
USER_028,PROD-0019,1731270638
USER_028,PROD-0008,1706341175
USER_028,PROD-0002,1727513079
USER_028,PROD-0019,1761203360
USER_028,PROD-0013,1728153225
USER_028,PROD-0008,1716511052
USER_028,PROD-0008,1727916549
USER_028,PROD-0013,1735324040
USER_028,PROD-0013,1715815785
USER_028,PROD-0013,1740798471
USER_028,PROD-0004,1759805380
USER_028,PROD-0015,1749518296
USER_028,PROD-0013,1739854784
USER_028,PROD-0013,1747562686
USER_028,PROD-0013,1761849088
USER_028,PROD-0013,1707420288
USER_028,PROD-0019,1720505993
USER_028,PROD-0018,1740328512
USER_028,PROD-0013,1729905614
USER_028,PROD-0011,1743673733
USER_028,PROD-0013,1763569208
USER_028,PROD-0013,1748443080
USER_028,PROD-0013,1762874447
USER_028,PROD-0003,1718862414
USER_028,PROD-0008,1731145144
USER_028,PROD-0019,1732596965
USER_028,PROD-0002,1753223010
USER_028,PROD-0013,1714717899
USER_028,PROD-0013,1719918534
USER_028,PROD-0013,1764660972
USER_028,PROD-0019,1761106339
USER_028,PROD-0013,1739252456
USER_028,PROD-0019,1751947465
USER_028,PROD-0006,1750716603
USER_028,PROD-0013,1720985395
USER_028,PROD-0015,1710952401
USER_028,PROD-0019,1762610473
USER_028,PROD-0019,1761506782
USER_028,PROD-0013,1753860938
USER_028,PROD-0003,1738305314
USER_028,PROD-0008,1742100168
USER_028,PROD-0008,1751634730
USER_028,PROD-0002,1735278344
USER_028,PROD-0019,1746918779
USER_028,PROD-0008,1747336875
USER_028,PROD-0018,1744610231
USER_028,PROD-0008,1721266585
USER_028,PROD-0011,1743385329
USER_028,PROD-0008,1718506576
USER_028,PROD-0010,1767103491
USER_028,PROD-0008,1704977855
USER_029,PROD-0009,1766653260
USER_029,PROD-0014,1747499754
USER_029,PROD-0017,1731267835
USER_029,PROD-0020,1708555566
USER_029,PROD-0020,1720399430
USER_029,PROD-0007,1715233954
USER_029,PROD-0009,1730588451
USER_029,PROD-0009,1720336677
USER_029,PROD-0014,1754481963
USER_029,PROD-0015,1725565362
USER_029,PROD-0012,1707308146
USER_029,PROD-0014,1709447072
USER_029,PROD-0020,1754566093
USER_029,PROD-0009,1745684332
USER_029,PROD-0009,1733710151
USER_029,PROD-0014,1758990582
USER_029,PROD-0009,1724035496
USER_029,PROD-0020,1738526293
USER_029,PROD-0007,1729588239
USER_029,PROD-0006,1740751162
USER_029,PROD-0020,1735817269
USER_029,PROD-0009,1760849365
USER_029,PROD-0009,1709504520
USER_029,PROD-0009,1715600666
USER_029,PROD-0002,1711865095
USER_029,PROD-0012,1705994205
USER_029,PROD-0006,1751905338
USER_029,PROD-0014,1748489984
USER_029,PROD-0009,1754194825
USER_029,PROD-0009,1741873394
USER_029,PROD-0007,1741744872
USER_029,PROD-0007,1754866883
USER_029,PROD-0011,1731238346
USER_029,PROD-0014,1743212951
USER_029,PROD-0017,1758603292
USER_029,PROD-0017,1736496656
USER_029,PROD-0015,1713354949
USER_029,PROD-0009,1746135806
USER_029,PROD-0018,1724471284
USER_029,PROD-0008,1741107332
USER_029,PROD-0014,1751912032
USER_029,PROD-0020,1741189660
USER_029,PROD-0009,1731188639
USER_029,PROD-0006,1764275441
USER_029,PROD-0020,1744397058
USER_029,PROD-0003,1729880206
USER_029,PROD-0004,1710230356
USER_029,PROD-0009,1766436993
USER_029,PROD-0011,1722587432
USER_029,PROD-0006,1763824500
USER_029,PROD-0009,1755789972
USER_030,PROD-0002,1752692527
USER_030,PROD-0010,1749953260
USER_030,PROD-0015,1704551730
USER_030,PROD-0015,1741262649
USER_030,PROD-0015,1745764475
USER_030,PROD-0001,1732318927
USER_030,PROD-0010,1742272629
USER_030,PROD-0001,1743802637
USER_030,PROD-0014,1765978295
USER_030,PROD-0001,1764450808
USER_030,PROD-0001,1727070787
USER_030,PROD-0015,1710686573
USER_030,PROD-0015,1748317035
USER_030,PROD-0015,1727396429
USER_030,PROD-0010,1730863131
USER_030,PROD-0015,1729813752
USER_030,PROD-0018,1752858728
USER_030,PROD-0001,1751451482
USER_030,PROD-0020,1754596346
USER_030,PROD-0004,1736913756
USER_030,PROD-0010,1750894164
USER_030,PROD-0001,1723005835
USER_030,PROD-0003,1755338465
USER_030,PROD-0010,1722622321
USER_030,PROD-0015,1705106350
USER_030,PROD-0010,1721861919
USER_030,PROD-0015,1706455527
USER_030,PROD-0010,1733016527
USER_030,PROD-0010,1742919018
USER_030,PROD-0003,1738315869
USER_030,PROD-0001,1742394314
USER_030,PROD-0015,1759640555
USER_030,PROD-0015,1760978065
USER_030,PROD-0020,1722728847
USER_030,PROD-0001,1723008768
USER_030,PROD-0001,1708728301
USER_030,PROD-0015,1754217916
USER_030,PROD-0001,1720443625
USER_030,PROD-0005,1744108908
USER_030,PROD-0015,1720189329
USER_030,PROD-0001,1744542930
USER_008,PROD-0020,1764409891
USER_027,PROD-0003,1748666988
